Designator,Footprint,Quantity,Value,LCSC Part #
"C1, C2",C_Disc_D5.0mm_W2.5mm_P5.00mm,2,100nF,
"C3, C4",CP_Radial_D5.0mm_P2.00mm,2,22uF,
"D1, D10, D11, D12, D13, D14, D15, D16, D17, D18, D19, D2, D20, D3, D4, D5, D6, D7, D8, D9",D_DO-35_SOD27_P7.62mm_Horizontal,20,1N4148,
J10,PinHeader_1x04_P2.54mm_Vertical,1,Conn_01x04_MALE,
J4,Eurorack_power_header,1,EURO_PWR_2x5,
"J5, J9",PinHeader_1x03_P2.54mm_Vertical,2,Conn_01x03_MALE,
"Q1, Q2, Q3",TO-92_HandSolder,3,BC547,
"R1, R17, R18, R4, R6",R_Axial_DIN0207_L6.3mm_D2.5mm_P5.08mm_Vertical,5,100K,
"R10, R19",R_Axial_DIN0207_L6.3mm_D2.5mm_P5.08mm_Vertical,2,33K,
"R11, R21, R22, R23, R24, R27, R28, R29, R30",R_Axial_DIN0207_L6.3mm_D2.5mm_P5.08mm_Vertical,9,15K,
"R12, R9",R_Axial_DIN0207_L6.3mm_D2.5mm_P5.08mm_Vertical,2,15K 1%,
"R13, R14",R_Axial_DIN0207_L6.3mm_D2.5mm_P5.08mm_Vertical,2,10K 1%,
"R15, R16",R_Axial_DIN0207_L6.3mm_D2.5mm_P5.08mm_Vertical,2,100K 1%,
R2,R_Axial_DIN0207_L6.3mm_D2.5mm_P5.08mm_Vertical,1,27K,
R20,R_Axial_DIN0207_L6.3mm_D2.5mm_P5.08mm_Vertical,1,2K7,
"R25, R26",R_Axial_DIN0207_L6.3mm_D2.5mm_P5.08mm_Vertical,2,5K6,
R3,R_Axial_DIN0207_L6.3mm_D2.5mm_P5.08mm_Vertical,1,680,
"R31, R33",R_Axial_DIN0207_L6.3mm_D2.5mm_P5.08mm_Vertical,2,56K,
R32,R_Axial_DIN0207_L6.3mm_D2.5mm_P5.08mm_Vertical,1,6K8,
R34,R_Axial_DIN0207_L6.3mm_D2.5mm_P5.08mm_Vertical,1,470,
"R35, R36",R_Axial_DIN0207_L6.3mm_D2.5mm_P5.08mm_Vertical,2,10,
R5,R_Axial_DIN0207_L6.3mm_D2.5mm_P5.08mm_Vertical,1,68K,
"R7, R8",R_Axial_DIN0207_L6.3mm_D2.5mm_P5.08mm_Vertical,2,22K,
RV4,Potentiometer_Bourns_3266Y_Vertical,1,50K,
RV5,Potentiometer_Bourns_3266Y_Vertical,1,1K,
U1,DIP-8_W7.62mm_LongPads,1,TL072,
U2,DIP-14_W7.62mm_LongPads,1,TL074,
