Designator,Footprint,Quantity,Value,LCSC Part #
J1,Jack_3.5mm_QingPu_WQP-PJ398SM_Vertical,1,INPUT,
J2,Jack_3.5mm_QingPu_WQP-PJ398SM_Vertical,1,CV,
J3,Jack_3.5mm_QingPu_WQP-PJ398SM_Vertical,1,OUTPUT,
"J6, J8",PinHeader_1x03_P2.54mm_Vertical,2,Conn_01x03_Female,
J7,PinHeader_1x04_P2.54mm_Vertical,1,Conn_01x04_Female,
RV1,Potentiometer_Alpha_RD901F-40-00D_Single_Vertical,1,SHAPE 47K Lin,
RV2,Potentiometer_Alpha_RD901F-40-00D_Single_Vertical,1,Range 100K,
RV3,Potentiometer_Alpha_RD901F-40-00D_Single_Vertical,1,Control 100K,
